group,function,value,throughput_num,throughput_type,sample_measured_value,unit,iteration_count
bench atonce with size 1024,SHA384,,,,29660.0,ns,4
bench atonce with size 1024,SHA384,,,,54423.0,ns,8
bench atonce with size 1024,SHA384,,,,52186.0,ns,12
bench atonce with size 1024,SHA384,,,,89955.0,ns,16
bench atonce with size 1024,SHA384,,,,88024.0,ns,20
bench atonce with size 1024,SHA384,,,,80253.0,ns,24
bench atonce with size 1024,SHA384,,,,75262.0,ns,28
bench atonce with size 1024,SHA384,,,,123644.0,ns,32
bench atonce with size 1024,SHA384,,,,165775.0,ns,36
bench atonce with size 1024,SHA384,,,,138215.0,ns,40
bench atonce with size 1024,SHA384,,,,151174.0,ns,44
bench atonce with size 1024,SHA384,,,,127765.0,ns,48
bench atonce with size 1024,SHA384,,,,138352.0,ns,52
bench atonce with size 1024,SHA384,,,,149063.0,ns,56
bench atonce with size 1024,SHA384,,,,159684.0,ns,60
bench atonce with size 1024,SHA384,,,,170321.0,ns,64
bench atonce with size 1024,SHA384,,,,180897.0,ns,68
bench atonce with size 1024,SHA384,,,,225980.0,ns,72
bench atonce with size 1024,SHA384,,,,379921.0,ns,76
bench atonce with size 1024,SHA384,,,,249958.0,ns,80
bench atonce with size 1024,SHA384,,,,225733.0,ns,84
bench atonce with size 1024,SHA384,,,,237971.0,ns,88
bench atonce with size 1024,SHA384,,,,356753.0,ns,92
bench atonce with size 1024,SHA384,,,,394049.0,ns,96
bench atonce with size 1024,SHA384,,,,270375.0,ns,100
bench atonce with size 1024,SHA384,,,,277485.0,ns,104
bench atonce with size 1024,SHA384,,,,289305.0,ns,108
bench atonce with size 1024,SHA384,,,,299140.0,ns,112
bench atonce with size 1024,SHA384,,,,310916.0,ns,116
bench atonce with size 1024,SHA384,,,,490081.0,ns,120
bench atonce with size 1024,SHA384,,,,510830.0,ns,124
bench atonce with size 1024,SHA384,,,,459955.0,ns,128
bench atonce with size 1024,SHA384,,,,364358.0,ns,132
bench atonce with size 1024,SHA384,,,,372060.0,ns,136
bench atonce with size 1024,SHA384,,,,471474.0,ns,140
bench atonce with size 1024,SHA384,,,,644125.0,ns,144
bench atonce with size 1024,SHA384,,,,540459.0,ns,148
bench atonce with size 1024,SHA384,,,,415555.0,ns,152
bench atonce with size 1024,SHA384,,,,426454.0,ns,156
bench atonce with size 1024,SHA384,,,,437330.0,ns,160
bench atonce with size 1024,SHA384,,,,448092.0,ns,164
bench atonce with size 1024,SHA384,,,,459092.0,ns,168
bench atonce with size 1024,SHA384,,,,470106.0,ns,172
bench atonce with size 1024,SHA384,,,,481881.0,ns,176
bench atonce with size 1024,SHA384,,,,492194.0,ns,180
bench atonce with size 1024,SHA384,,,,503168.0,ns,184
bench atonce with size 1024,SHA384,,,,513919.0,ns,188
bench atonce with size 1024,SHA384,,,,524920.0,ns,192
bench atonce with size 1024,SHA384,,,,535835.0,ns,196
bench atonce with size 1024,SHA384,,,,546901.0,ns,200
bench atonce with size 1024,SHA384,,,,559560.0,ns,204
bench atonce with size 1024,SHA384,,,,568322.0,ns,208
bench atonce with size 1024,SHA384,,,,579251.0,ns,212
bench atonce with size 1024,SHA384,,,,590240.0,ns,216
bench atonce with size 1024,SHA384,,,,601159.0,ns,220
bench atonce with size 1024,SHA384,,,,640584.0,ns,224
bench atonce with size 1024,SHA384,,,,623023.0,ns,228
bench atonce with size 1024,SHA384,,,,633725.0,ns,232
bench atonce with size 1024,SHA384,,,,644791.0,ns,236
bench atonce with size 1024,SHA384,,,,655581.0,ns,240
bench atonce with size 1024,SHA384,,,,783335.0,ns,244
bench atonce with size 1024,SHA384,,,,678183.0,ns,248
bench atonce with size 1024,SHA384,,,,689007.0,ns,252
bench atonce with size 1024,SHA384,,,,700878.0,ns,256
bench atonce with size 1024,SHA384,,,,747011.0,ns,260
bench atonce with size 1024,SHA384,,,,806221.0,ns,264
bench atonce with size 1024,SHA384,,,,736778.0,ns,268
bench atonce with size 1024,SHA384,,,,988976.0,ns,272
bench atonce with size 1024,SHA384,,,,852619.0,ns,276
bench atonce with size 1024,SHA384,,,,804190.0,ns,280
bench atonce with size 1024,SHA384,,,,824762.0,ns,284
bench atonce with size 1024,SHA384,,,,789412.0,ns,288
bench atonce with size 1024,SHA384,,,,803795.0,ns,292
bench atonce with size 1024,SHA384,,,,953552.0,ns,296
bench atonce with size 1024,SHA384,,,,891794.0,ns,300
bench atonce with size 1024,SHA384,,,,879272.0,ns,304
bench atonce with size 1024,SHA384,,,,845808.0,ns,308
bench atonce with size 1024,SHA384,,,,862583.0,ns,312
bench atonce with size 1024,SHA384,,,,874679.0,ns,316
bench atonce with size 1024,SHA384,,,,961044.0,ns,320
bench atonce with size 1024,SHA384,,,,891641.0,ns,324
bench atonce with size 1024,SHA384,,,,903937.0,ns,328
bench atonce with size 1024,SHA384,,,,919302.0,ns,332
bench atonce with size 1024,SHA384,,,,926661.0,ns,336
bench atonce with size 1024,SHA384,,,,939875.0,ns,340
bench atonce with size 1024,SHA384,,,,947642.0,ns,344
bench atonce with size 1024,SHA384,,,,963213.0,ns,348
bench atonce with size 1024,SHA384,,,,1068066.0,ns,352
bench atonce with size 1024,SHA384,,,,971822.0,ns,356
bench atonce with size 1024,SHA384,,,,1039098.0,ns,360
bench atonce with size 1024,SHA384,,,,1011463.0,ns,364
bench atonce with size 1024,SHA384,,,,1054403.0,ns,368
bench atonce with size 1024,SHA384,,,,991212.0,ns,372
bench atonce with size 1024,SHA384,,,,1000416.0,ns,376
bench atonce with size 1024,SHA384,,,,1011021.0,ns,380
bench atonce with size 1024,SHA384,,,,1021570.0,ns,384
bench atonce with size 1024,SHA384,,,,1032354.0,ns,388
bench atonce with size 1024,SHA384,,,,1135151.0,ns,392
bench atonce with size 1024,SHA384,,,,1053755.0,ns,396
bench atonce with size 1024,SHA384,,,,1064734.0,ns,400
bench atonce with size 1024,SHA384,,,,1076827.0,ns,404
bench atonce with size 1024,SHA384,,,,1113908.0,ns,408
bench atonce with size 1024,SHA384,,,,1096179.0,ns,412
bench atonce with size 1024,SHA384,,,,1106793.0,ns,416
bench atonce with size 1024,SHA384,,,,1117490.0,ns,420
bench atonce with size 1024,SHA384,,,,1128218.0,ns,424
bench atonce with size 1024,SHA384,,,,1140480.0,ns,428
bench atonce with size 1024,SHA384,,,,1148939.0,ns,432
bench atonce with size 1024,SHA384,,,,1195571.0,ns,436
bench atonce with size 1024,SHA384,,,,1169473.0,ns,440
bench atonce with size 1024,SHA384,,,,1181301.0,ns,444
bench atonce with size 1024,SHA384,,,,1191718.0,ns,448
bench atonce with size 1024,SHA384,,,,1202444.0,ns,452
bench atonce with size 1024,SHA384,,,,1249681.0,ns,456
bench atonce with size 1024,SHA384,,,,1225140.0,ns,460
bench atonce with size 1024,SHA384,,,,1234454.0,ns,464
bench atonce with size 1024,SHA384,,,,1249764.0,ns,468
bench atonce with size 1024,SHA384,,,,1266638.0,ns,472
bench atonce with size 1024,SHA384,,,,1384385.0,ns,476
bench atonce with size 1024,SHA384,,,,1305534.0,ns,480
bench atonce with size 1024,SHA384,,,,1290260.0,ns,484
bench atonce with size 1024,SHA384,,,,1298804.0,ns,488
bench atonce with size 1024,SHA384,,,,1312753.0,ns,492
bench atonce with size 1024,SHA384,,,,1394063.0,ns,496
bench atonce with size 1024,SHA384,,,,1368719.0,ns,500
bench atonce with size 1024,SHA384,,,,1429663.0,ns,504
bench atonce with size 1024,SHA384,,,,1392460.0,ns,508
bench atonce with size 1024,SHA384,,,,1436533.0,ns,512
bench atonce with size 1024,SHA384,,,,1376025.0,ns,516
bench atonce with size 1024,SHA384,,,,1393771.0,ns,520
bench atonce with size 1024,SHA384,,,,1467401.0,ns,524
bench atonce with size 1024,SHA384,,,,1498228.0,ns,528
bench atonce with size 1024,SHA384,,,,1451586.0,ns,532
bench atonce with size 1024,SHA384,,,,1426635.0,ns,536
bench atonce with size 1024,SHA384,,,,1436490.0,ns,540
bench atonce with size 1024,SHA384,,,,1447934.0,ns,544
bench atonce with size 1024,SHA384,,,,1460606.0,ns,548
bench atonce with size 1024,SHA384,,,,1468829.0,ns,552
bench atonce with size 1024,SHA384,,,,1508462.0,ns,556
bench atonce with size 1024,SHA384,,,,1547922.0,ns,560
bench atonce with size 1024,SHA384,,,,1500911.0,ns,564
bench atonce with size 1024,SHA384,,,,1511321.0,ns,568
bench atonce with size 1024,SHA384,,,,1521871.0,ns,572
bench atonce with size 1024,SHA384,,,,1584663.0,ns,576
bench atonce with size 1024,SHA384,,,,1543431.0,ns,580
bench atonce with size 1024,SHA384,,,,1715780.0,ns,584
bench atonce with size 1024,SHA384,,,,1564048.0,ns,588
bench atonce with size 1024,SHA384,,,,1611136.0,ns,592
bench atonce with size 1024,SHA384,,,,1586670.0,ns,596
bench atonce with size 1024,SHA384,,,,1597918.0,ns,600
bench atonce with size 1024,SHA384,,,,1610305.0,ns,604
bench atonce with size 1024,SHA384,,,,1673710.0,ns,608
bench atonce with size 1024,SHA384,,,,1629050.0,ns,612
bench atonce with size 1024,SHA384,,,,1639498.0,ns,616
bench atonce with size 1024,SHA384,,,,1721362.0,ns,620
bench atonce with size 1024,SHA384,,,,1778422.0,ns,624
bench atonce with size 1024,SHA384,,,,1683599.0,ns,628
bench atonce with size 1024,SHA384,,,,1767969.0,ns,632
bench atonce with size 1024,SHA384,,,,2012571.0,ns,636
bench atonce with size 1024,SHA384,,,,1937775.0,ns,640
bench atonce with size 1024,SHA384,,,,1713210.0,ns,644
bench atonce with size 1024,SHA384,,,,1893461.0,ns,648
bench atonce with size 1024,SHA384,,,,1734874.0,ns,652
bench atonce with size 1024,SHA384,,,,1790251.0,ns,656
bench atonce with size 1024,SHA384,,,,1859122.0,ns,660
bench atonce with size 1024,SHA384,,,,1766965.0,ns,664
bench atonce with size 1024,SHA384,,,,1868358.0,ns,668
bench atonce with size 1024,SHA384,,,,1899770.0,ns,672
bench atonce with size 1024,SHA384,,,,1841859.0,ns,676
bench atonce with size 1024,SHA384,,,,1810891.0,ns,680
bench atonce with size 1024,SHA384,,,,2169505.0,ns,684
bench atonce with size 1024,SHA384,,,,1984908.0,ns,688
bench atonce with size 1024,SHA384,,,,2032083.0,ns,692
bench atonce with size 1024,SHA384,,,,2009562.0,ns,696
bench atonce with size 1024,SHA384,,,,2962064.0,ns,700
bench atonce with size 1024,SHA384,,,,1990151.0,ns,704
bench atonce with size 1024,SHA384,,,,1973443.0,ns,708
bench atonce with size 1024,SHA384,,,,1982829.0,ns,712
bench atonce with size 1024,SHA384,,,,1957624.0,ns,716
bench atonce with size 1024,SHA384,,,,1968868.0,ns,720
bench atonce with size 1024,SHA384,,,,1981790.0,ns,724
bench atonce with size 1024,SHA384,,,,1990362.0,ns,728
bench atonce with size 1024,SHA384,,,,2021950.0,ns,732
bench atonce with size 1024,SHA384,,,,1958790.0,ns,736
bench atonce with size 1024,SHA384,,,,1969722.0,ns,740
bench atonce with size 1024,SHA384,,,,2058835.0,ns,744
bench atonce with size 1024,SHA384,,,,2063791.0,ns,748
bench atonce with size 1024,SHA384,,,,2003181.0,ns,752
bench atonce with size 1024,SHA384,,,,2117832.0,ns,756
bench atonce with size 1024,SHA384,,,,2024529.0,ns,760
bench atonce with size 1024,SHA384,,,,2079552.0,ns,764
bench atonce with size 1024,SHA384,,,,2155242.0,ns,768
bench atonce with size 1024,SHA384,,,,2209859.0,ns,772
bench atonce with size 1024,SHA384,,,,2296935.0,ns,776
bench atonce with size 1024,SHA384,,,,2200327.0,ns,780
bench atonce with size 1024,SHA384,,,,2239005.0,ns,784
bench atonce with size 1024,SHA384,,,,2170424.0,ns,788
bench atonce with size 1024,SHA384,,,,2145990.0,ns,792
bench atonce with size 1024,SHA384,,,,2117398.0,ns,796
bench atonce with size 1024,SHA384,,,,2167674.0,ns,800
bench atonce with size 1024,SHA384,,,,2212783.0,ns,804
bench atonce with size 1024,SHA384,,,,2150308.0,ns,808
bench atonce with size 1024,SHA384,,,,2197065.0,ns,812
bench atonce with size 1024,SHA384,,,,2170965.0,ns,816
bench atonce with size 1024,SHA384,,,,2182842.0,ns,820
bench atonce with size 1024,SHA384,,,,2229312.0,ns,824
bench atonce with size 1024,SHA384,,,,2203496.0,ns,828
bench atonce with size 1024,SHA384,,,,2287024.0,ns,832
bench atonce with size 1024,SHA384,,,,2225690.0,ns,836
bench atonce with size 1024,SHA384,,,,2234897.0,ns,840
bench atonce with size 1024,SHA384,,,,2283437.0,ns,844
bench atonce with size 1024,SHA384,,,,2627399.0,ns,848
bench atonce with size 1024,SHA384,,,,2267496.0,ns,852
bench atonce with size 1024,SHA384,,,,2316428.0,ns,856
bench atonce with size 1024,SHA384,,,,2287874.0,ns,860
bench atonce with size 1024,SHA384,,,,2298216.0,ns,864
bench atonce with size 1024,SHA384,,,,2420069.0,ns,868
bench atonce with size 1024,SHA384,,,,2321169.0,ns,872
bench atonce with size 1024,SHA384,,,,2365715.0,ns,876
bench atonce with size 1024,SHA384,,,,2378035.0,ns,880
bench atonce with size 1024,SHA384,,,,2351838.0,ns,884
bench atonce with size 1024,SHA384,,,,2400858.0,ns,888
bench atonce with size 1024,SHA384,,,,2483572.0,ns,892
bench atonce with size 1024,SHA384,,,,2383877.0,ns,896
bench atonce with size 1024,SHA384,,,,2479599.0,ns,900
bench atonce with size 1024,SHA384,,,,2731890.0,ns,904
bench atonce with size 1024,SHA384,,,,2474305.0,ns,908
bench atonce with size 1024,SHA384,,,,2426463.0,ns,912
bench atonce with size 1024,SHA384,,,,2591289.0,ns,916
bench atonce with size 1024,SHA384,,,,2486964.0,ns,920
bench atonce with size 1024,SHA384,,,,2456931.0,ns,924
bench atonce with size 1024,SHA384,,,,2505077.0,ns,928
bench atonce with size 1024,SHA384,,,,2479041.0,ns,932
bench atonce with size 1024,SHA384,,,,2528402.0,ns,936
bench atonce with size 1024,SHA384,,,,2502489.0,ns,940
bench atonce with size 1024,SHA384,,,,2511603.0,ns,944
bench atonce with size 1024,SHA384,,,,2558320.0,ns,948
bench atonce with size 1024,SHA384,,,,2534676.0,ns,952
bench atonce with size 1024,SHA384,,,,2580016.0,ns,956
bench atonce with size 1024,SHA384,,,,2554106.0,ns,960
bench atonce with size 1024,SHA384,,,,2565456.0,ns,964
bench atonce with size 1024,SHA384,,,,2614143.0,ns,968
bench atonce with size 1024,SHA384,,,,2623369.0,ns,972
bench atonce with size 1024,SHA384,,,,2723039.0,ns,976
bench atonce with size 1024,SHA384,,,,2609067.0,ns,980
bench atonce with size 1024,SHA384,,,,4030291.0,ns,984
bench atonce with size 1024,SHA384,,,,3974068.0,ns,988
bench atonce with size 1024,SHA384,,,,3078309.0,ns,992
bench atonce with size 1024,SHA384,,,,3068666.0,ns,996
bench atonce with size 1024,SHA384,,,,2732362.0,ns,1000
bench atonce with size 1024,SHA384,,,,2744656.0,ns,1004
bench atonce with size 1024,SHA384,,,,2834144.0,ns,1008
bench atonce with size 1024,SHA384,,,,2766113.0,ns,1012
bench atonce with size 1024,SHA384,,,,2777109.0,ns,1016
bench atonce with size 1024,SHA384,,,,2786612.0,ns,1020
bench atonce with size 1024,SHA384,,,,2789263.0,ns,1024
bench atonce with size 1024,SHA384,,,,2735986.0,ns,1028
bench atonce with size 1024,SHA384,,,,2745740.0,ns,1032
bench atonce with size 1024,SHA384,,,,2757585.0,ns,1036
bench atonce with size 1024,SHA384,,,,2859175.0,ns,1040
bench atonce with size 1024,SHA384,,,,2778542.0,ns,1044
bench atonce with size 1024,SHA384,,,,2789495.0,ns,1048
bench atonce with size 1024,SHA384,,,,2800401.0,ns,1052
bench atonce with size 1024,SHA384,,,,2809521.0,ns,1056
bench atonce with size 1024,SHA384,,,,2857994.0,ns,1060
bench atonce with size 1024,SHA384,,,,2831310.0,ns,1064
bench atonce with size 1024,SHA384,,,,2843222.0,ns,1068
bench atonce with size 1024,SHA384,,,,3134882.0,ns,1072
bench atonce with size 1024,SHA384,,,,2901648.0,ns,1076
bench atonce with size 1024,SHA384,,,,2969019.0,ns,1080
bench atonce with size 1024,SHA384,,,,2963527.0,ns,1084
bench atonce with size 1024,SHA384,,,,2930904.0,ns,1088
bench atonce with size 1024,SHA384,,,,2942293.0,ns,1092
bench atonce with size 1024,SHA384,,,,2953404.0,ns,1096
bench atonce with size 1024,SHA384,,,,2927976.0,ns,1100
bench atonce with size 1024,SHA384,,,,2973192.0,ns,1104
bench atonce with size 1024,SHA384,,,,2948315.0,ns,1108
bench atonce with size 1024,SHA384,,,,2959441.0,ns,1112
bench atonce with size 1024,SHA384,,,,2968605.0,ns,1116
bench atonce with size 1024,SHA384,,,,3016454.0,ns,1120
bench atonce with size 1024,SHA384,,,,2991809.0,ns,1124
bench atonce with size 1024,SHA384,,,,3035860.0,ns,1128
bench atonce with size 1024,SHA384,,,,3011282.0,ns,1132
bench atonce with size 1024,SHA384,,,,3060212.0,ns,1136
bench atonce with size 1024,SHA384,,,,3033730.0,ns,1140
bench atonce with size 1024,SHA384,,,,3044807.0,ns,1144
bench atonce with size 1024,SHA384,,,,3054813.0,ns,1148
bench atonce with size 1024,SHA384,,,,3102565.0,ns,1152
bench atonce with size 1024,SHA384,,,,3111765.0,ns,1156
bench atonce with size 1024,SHA384,,,,3121635.0,ns,1160
bench atonce with size 1024,SHA384,,,,3232558.0,ns,1164
bench atonce with size 1024,SHA384,,,,3144071.0,ns,1168
bench atonce with size 1024,SHA384,,,,3118962.0,ns,1172
bench atonce with size 1024,SHA384,,,,3130501.0,ns,1176
bench atonce with size 1024,SHA384,,,,3139215.0,ns,1180
bench atonce with size 1024,SHA384,,,,3186027.0,ns,1184
bench atonce with size 1024,SHA384,,,,3161803.0,ns,1188
bench atonce with size 1024,SHA384,,,,3260799.0,ns,1192
bench atonce with size 1024,SHA384,,,,3181617.0,ns,1196
bench atonce with size 1024,SHA384,,,,3227891.0,ns,1200
bench atonce with size 1024,SHA384,,,,3203800.0,ns,1204
bench atonce with size 1024,SHA384,,,,3249870.0,ns,1208
bench atonce with size 1024,SHA384,,,,3221765.0,ns,1212
bench atonce with size 1024,SHA384,,,,3272778.0,ns,1216
bench atonce with size 1024,SHA384,,,,3246989.0,ns,1220
bench atonce with size 1024,SHA384,,,,3256970.0,ns,1224
bench atonce with size 1024,SHA384,,,,3340858.0,ns,1228
bench atonce with size 1024,SHA384,,,,3315436.0,ns,1232
bench atonce with size 1024,SHA384,,,,3358936.0,ns,1236
bench atonce with size 1024,SHA384,,,,3335822.0,ns,1240
bench atonce with size 1024,SHA384,,,,3458123.0,ns,1244
bench atonce with size 1024,SHA384,,,,3353959.0,ns,1248
bench atonce with size 1024,SHA384,,,,3403151.0,ns,1252
bench atonce with size 1024,SHA384,,,,3341684.0,ns,1256
bench atonce with size 1024,SHA384,,,,3388311.0,ns,1260
bench atonce with size 1024,SHA384,,,,3399222.0,ns,1264
bench atonce with size 1024,SHA384,,,,3408695.0,ns,1268
bench atonce with size 1024,SHA384,,,,3383605.0,ns,1272
bench atonce with size 1024,SHA384,,,,3432425.0,ns,1276
bench atonce with size 1024,SHA384,,,,3406238.0,ns,1280
bench atonce with size 1024,SHA384,,,,3416466.0,ns,1284
bench atonce with size 1024,SHA384,,,,3478821.0,ns,1288
bench atonce with size 1024,SHA384,,,,3473468.0,ns,1292
bench atonce with size 1024,SHA384,,,,3485556.0,ns,1296
bench atonce with size 1024,SHA384,,,,3459210.0,ns,1300
bench atonce with size 1024,SHA384,,,,3505821.0,ns,1304
bench atonce with size 1024,SHA384,,,,3481519.0,ns,1308
bench atonce with size 1024,SHA384,,,,3490229.0,ns,1312
bench atonce with size 1024,SHA384,,,,3500559.0,ns,1316
bench atonce with size 1024,SHA384,,,,3548943.0,ns,1320
bench atonce with size 1024,SHA384,,,,3519494.0,ns,1324
bench atonce with size 1024,SHA384,,,,3533964.0,ns,1328
bench atonce with size 1024,SHA384,,,,3580461.0,ns,1332
bench atonce with size 1024,SHA384,,,,3662260.0,ns,1336
bench atonce with size 1024,SHA384,,,,3599927.0,ns,1340
bench atonce with size 1024,SHA384,,,,3577608.0,ns,1344
bench atonce with size 1024,SHA384,,,,3623962.0,ns,1348
bench atonce with size 1024,SHA384,,,,3598262.0,ns,1352
bench atonce with size 1024,SHA384,,,,3606725.0,ns,1356
bench atonce with size 1024,SHA384,,,,3617723.0,ns,1360
bench atonce with size 1024,SHA384,,,,3667441.0,ns,1364
bench atonce with size 1024,SHA384,,,,3674700.0,ns,1368
bench atonce with size 1024,SHA384,,,,3799426.0,ns,1372
bench atonce with size 1024,SHA384,,,,3700107.0,ns,1376
bench atonce with size 1024,SHA384,,,,3707190.0,ns,1380
bench atonce with size 1024,SHA384,,,,3747218.0,ns,1384
bench atonce with size 1024,SHA384,,,,3748157.0,ns,1388
bench atonce with size 1024,SHA384,,,,3705360.0,ns,1392
bench atonce with size 1024,SHA384,,,,3936944.0,ns,1396
bench atonce with size 1024,SHA384,,,,3762303.0,ns,1400
bench atonce with size 1024,SHA384,,,,3901312.0,ns,1404
bench atonce with size 1024,SHA384,,,,3799483.0,ns,1408
bench atonce with size 1024,SHA384,,,,3755656.0,ns,1412
bench atonce with size 1024,SHA384,,,,3825689.0,ns,1416
bench atonce with size 1024,SHA384,,,,3814062.0,ns,1420
bench atonce with size 1024,SHA384,,,,3789367.0,ns,1424
bench atonce with size 1024,SHA384,,,,3871621.0,ns,1428
bench atonce with size 1024,SHA384,,,,3953614.0,ns,1432
bench atonce with size 1024,SHA384,,,,3819408.0,ns,1436
bench atonce with size 1024,SHA384,,,,3866633.0,ns,1440
bench atonce with size 1024,SHA384,,,,3841286.0,ns,1444
bench atonce with size 1024,SHA384,,,,3907697.0,ns,1448
bench atonce with size 1024,SHA384,,,,3898428.0,ns,1452
bench atonce with size 1024,SHA384,,,,3871935.0,ns,1456
bench atonce with size 1024,SHA384,,,,3958637.0,ns,1460
bench atonce with size 1024,SHA384,,,,3949936.0,ns,1464
bench atonce with size 1024,SHA384,,,,3906765.0,ns,1468
bench atonce with size 1024,SHA384,,,,4287708.0,ns,1472
bench atonce with size 1024,SHA384,,,,3926128.0,ns,1476
bench atonce with size 1024,SHA384,,,,4029988.0,ns,1480
bench atonce with size 1024,SHA384,,,,3987275.0,ns,1484
bench atonce with size 1024,SHA384,,,,3957867.0,ns,1488
bench atonce with size 1024,SHA384,,,,4370732.0,ns,1492
bench atonce with size 1024,SHA384,,,,4016797.0,ns,1496
bench atonce with size 1024,SHA384,,,,3992342.0,ns,1500
bench atonce with size 1024,SHA384,,,,4113161.0,ns,1504
bench atonce with size 1024,SHA384,,,,4160597.0,ns,1508
bench atonce with size 1024,SHA384,,,,4119087.0,ns,1512
bench atonce with size 1024,SHA384,,,,4070530.0,ns,1516
bench atonce with size 1024,SHA384,,,,4191965.0,ns,1520
bench atonce with size 1024,SHA384,,,,4056689.0,ns,1524
bench atonce with size 1024,SHA384,,,,4394649.0,ns,1528
bench atonce with size 1024,SHA384,,,,4121681.0,ns,1532
bench atonce with size 1024,SHA384,,,,4088507.0,ns,1536
bench atonce with size 1024,SHA384,,,,4254814.0,ns,1540
bench atonce with size 1024,SHA384,,,,4225006.0,ns,1544
bench atonce with size 1024,SHA384,,,,4120154.0,ns,1548
bench atonce with size 1024,SHA384,,,,4209365.0,ns,1552
bench atonce with size 1024,SHA384,,,,4182766.0,ns,1556
bench atonce with size 1024,SHA384,,,,4950556.0,ns,1560
bench atonce with size 1024,SHA384,,,,4342703.0,ns,1564
bench atonce with size 1024,SHA384,,,,4210921.0,ns,1568
bench atonce with size 1024,SHA384,,,,4219581.0,ns,1572
bench atonce with size 1024,SHA384,,,,4283740.0,ns,1576
bench atonce with size 1024,SHA384,,,,4398599.0,ns,1580
bench atonce with size 1024,SHA384,,,,4283817.0,ns,1584
bench atonce with size 1024,SHA384,,,,4226081.0,ns,1588
bench atonce with size 1024,SHA384,,,,4272690.0,ns,1592
bench atonce with size 1024,SHA384,,,,4411659.0,ns,1596
bench atonce with size 1024,SHA384,,,,4331222.0,ns,1600
bench atonce with size 1024,SHA384,,,,4264165.0,ns,1604
bench atonce with size 1024,SHA384,,,,4314345.0,ns,1608
bench atonce with size 1024,SHA384,,,,4323744.0,ns,1612
bench atonce with size 1024,SHA384,,,,4299919.0,ns,1616
bench atonce with size 1024,SHA384,,,,4344532.0,ns,1620
bench atonce with size 1024,SHA384,,,,4392882.0,ns,1624
bench atonce with size 1024,SHA384,,,,4495318.0,ns,1628
bench atonce with size 1024,SHA384,,,,4435301.0,ns,1632
bench atonce with size 1024,SHA384,,,,4387181.0,ns,1636
bench atonce with size 1024,SHA384,,,,4399085.0,ns,1640
bench atonce with size 1024,SHA384,,,,4376235.0,ns,1644
bench atonce with size 1024,SHA384,,,,4420940.0,ns,1648
bench atonce with size 1024,SHA384,,,,4433460.0,ns,1652
bench atonce with size 1024,SHA384,,,,4406787.0,ns,1656
bench atonce with size 1024,SHA384,,,,4533299.0,ns,1660
bench atonce with size 1024,SHA384,,,,4475746.0,ns,1664
bench atonce with size 1024,SHA384,,,,4476773.0,ns,1668
bench atonce with size 1024,SHA384,,,,4450885.0,ns,1672
bench atonce with size 1024,SHA384,,,,4496250.0,ns,1676
bench atonce with size 1024,SHA384,,,,4508772.0,ns,1680
bench atonce with size 1024,SHA384,,,,4479723.0,ns,1684
bench atonce with size 1024,SHA384,,,,4528574.0,ns,1688
bench atonce with size 1024,SHA384,,,,4561308.0,ns,1692
bench atonce with size 1024,SHA384,,,,4639139.0,ns,1696
bench atonce with size 1024,SHA384,,,,4524415.0,ns,1700
bench atonce with size 1024,SHA384,,,,4572362.0,ns,1704
bench atonce with size 1024,SHA384,,,,4577698.0,ns,1708
bench atonce with size 1024,SHA384,,,,4596811.0,ns,1712
bench atonce with size 1024,SHA384,,,,4563739.0,ns,1716
bench atonce with size 1024,SHA384,,,,4730911.0,ns,1720
bench atonce with size 1024,SHA384,,,,4623922.0,ns,1724
bench atonce with size 1024,SHA384,,,,4633387.0,ns,1728
bench atonce with size 1024,SHA384,,,,4612941.0,ns,1732
bench atonce with size 1024,SHA384,,,,4658076.0,ns,1736
bench atonce with size 1024,SHA384,,,,5325420.0,ns,1740
bench atonce with size 1024,SHA384,,,,4757033.0,ns,1744
bench atonce with size 1024,SHA384,,,,4915577.0,ns,1748
bench atonce with size 1024,SHA384,,,,5387048.0,ns,1752
bench atonce with size 1024,SHA384,,,,5049696.0,ns,1756
bench atonce with size 1024,SHA384,,,,4726332.0,ns,1760
bench atonce with size 1024,SHA384,,,,4760332.0,ns,1764
bench atonce with size 1024,SHA384,,,,4741377.0,ns,1768
bench atonce with size 1024,SHA384,,,,4716342.0,ns,1772
bench atonce with size 1024,SHA384,,,,4881020.0,ns,1776
bench atonce with size 1024,SHA384,,,,5030913.0,ns,1780
bench atonce with size 1024,SHA384,,,,4860980.0,ns,1784
bench atonce with size 1024,SHA384,,,,4802312.0,ns,1788
bench atonce with size 1024,SHA384,,,,4766370.0,ns,1792
bench atonce with size 1024,SHA384,,,,4776797.0,ns,1796
bench atonce with size 1024,SHA384,,,,4791554.0,ns,1800
bench atonce with size 1024,SHA384,,,,4832866.0,ns,1804
bench atonce with size 1024,SHA384,,,,4884093.0,ns,1808
bench atonce with size 1024,SHA384,,,,4819782.0,ns,1812
bench atonce with size 1024,SHA384,,,,4945761.0,ns,1816
bench atonce with size 1024,SHA384,,,,4879664.0,ns,1820
bench atonce with size 1024,SHA384,,,,4890989.0,ns,1824
bench atonce with size 1024,SHA384,,,,4863308.0,ns,1828
bench atonce with size 1024,SHA384,,,,5058290.0,ns,1832
bench atonce with size 1024,SHA384,,,,4923269.0,ns,1836
bench atonce with size 1024,SHA384,,,,5060893.0,ns,1840
bench atonce with size 1024,SHA384,,,,5014658.0,ns,1844
bench atonce with size 1024,SHA384,,,,4917690.0,ns,1848
bench atonce with size 1024,SHA384,,,,5483154.0,ns,1852
bench atonce with size 1024,SHA384,,,,4976422.0,ns,1856
bench atonce with size 1024,SHA384,,,,5023179.0,ns,1860
bench atonce with size 1024,SHA384,,,,5061375.0,ns,1864
bench atonce with size 1024,SHA384,,,,4972536.0,ns,1868
bench atonce with size 1024,SHA384,,,,5025067.0,ns,1872
bench atonce with size 1024,SHA384,,,,5069836.0,ns,1876
bench atonce with size 1024,SHA384,,,,5040470.0,ns,1880
bench atonce with size 1024,SHA384,,,,5048181.0,ns,1884
bench atonce with size 1024,SHA384,,,,5167454.0,ns,1888
bench atonce with size 1024,SHA384,,,,5146309.0,ns,1892
bench atonce with size 1024,SHA384,,,,5177636.0,ns,1896
bench atonce with size 1024,SHA384,,,,5091682.0,ns,1900
bench atonce with size 1024,SHA384,,,,5105083.0,ns,1904
bench atonce with size 1024,SHA384,,,,5114009.0,ns,1908
bench atonce with size 1024,SHA384,,,,5124032.0,ns,1912
bench atonce with size 1024,SHA384,,,,5153615.0,ns,1916
bench atonce with size 1024,SHA384,,,,5165040.0,ns,1920
bench atonce with size 1024,SHA384,,,,5161935.0,ns,1924
bench atonce with size 1024,SHA384,,,,5205203.0,ns,1928
bench atonce with size 1024,SHA384,,,,5176842.0,ns,1932
bench atonce with size 1024,SHA384,,,,5242753.0,ns,1936
bench atonce with size 1024,SHA384,,,,5298680.0,ns,1940
bench atonce with size 1024,SHA384,,,,5207864.0,ns,1944
bench atonce with size 1024,SHA384,,,,5223965.0,ns,1948
bench atonce with size 1024,SHA384,,,,5303379.0,ns,1952
bench atonce with size 1024,SHA384,,,,5241904.0,ns,1956
bench atonce with size 1024,SHA384,,,,5499385.0,ns,1960
bench atonce with size 1024,SHA384,,,,5263282.0,ns,1964
bench atonce with size 1024,SHA384,,,,5275336.0,ns,1968
bench atonce with size 1024,SHA384,,,,5283435.0,ns,1972
bench atonce with size 1024,SHA384,,,,5383574.0,ns,1976
bench atonce with size 1024,SHA384,,,,5933544.0,ns,1980
bench atonce with size 1024,SHA384,,,,5317865.0,ns,1984
bench atonce with size 1024,SHA384,,,,5330163.0,ns,1988
bench atonce with size 1024,SHA384,,,,5420020.0,ns,1992
bench atonce with size 1024,SHA384,,,,5347810.0,ns,1996
bench atonce with size 1024,SHA384,,,,5362051.0,ns,2000
bench atonce with size 1024,SHA384,,,,5334786.0,ns,2004
bench atonce with size 1024,SHA384,,,,5415409.0,ns,2008
bench atonce with size 1024,SHA384,,,,5392128.0,ns,2012
bench atonce with size 1024,SHA384,,,,5434489.0,ns,2016
bench atonce with size 1024,SHA384,,,,5410268.0,ns,2020
bench atonce with size 1024,SHA384,,,,5422970.0,ns,2024
bench atonce with size 1024,SHA384,,,,5491784.0,ns,2028
bench atonce with size 1024,SHA384,,,,5623311.0,ns,2032
bench atonce with size 1024,SHA384,,,,5417423.0,ns,2036
bench atonce with size 1024,SHA384,,,,5540733.0,ns,2040
bench atonce with size 1024,SHA384,,,,5478240.0,ns,2044
bench atonce with size 1024,SHA384,,,,5445179.0,ns,2048
bench atonce with size 1024,SHA384,,,,5497662.0,ns,2052
bench atonce with size 1024,SHA384,,,,5505334.0,ns,2056
bench atonce with size 1024,SHA384,,,,5518074.0,ns,2060
bench atonce with size 1024,SHA384,,,,5529458.0,ns,2064
bench atonce with size 1024,SHA384,,,,5539996.0,ns,2068
bench atonce with size 1024,SHA384,,,,5512490.0,ns,2072
bench atonce with size 1024,SHA384,,,,5560244.0,ns,2076
bench atonce with size 1024,SHA384,,,,5667213.0,ns,2080
bench atonce with size 1024,SHA384,,,,5597163.0,ns,2084
bench atonce with size 1024,SHA384,,,,5686806.0,ns,2088
bench atonce with size 1024,SHA384,,,,5647307.0,ns,2092
bench atonce with size 1024,SHA384,,,,5616868.0,ns,2096
bench atonce with size 1024,SHA384,,,,5623764.0,ns,2100
bench atonce with size 1024,SHA384,,,,5636284.0,ns,2104
bench atonce with size 1024,SHA384,,,,5646496.0,ns,2108
bench atonce with size 1024,SHA384,,,,6035155.0,ns,2112
bench atonce with size 1024,SHA384,,,,5749899.0,ns,2116
bench atonce with size 1024,SHA384,,,,5741930.0,ns,2120
bench atonce with size 1024,SHA384,,,,5706855.0,ns,2124
bench atonce with size 1024,SHA384,,,,5698888.0,ns,2128
bench atonce with size 1024,SHA384,,,,5742789.0,ns,2132
bench atonce with size 1024,SHA384,,,,5726340.0,ns,2136
bench atonce with size 1024,SHA384,,,,5708377.0,ns,2140
bench atonce with size 1024,SHA384,,,,5743112.0,ns,2144
bench atonce with size 1024,SHA384,,,,5877396.0,ns,2148
bench atonce with size 1024,SHA384,,,,5765842.0,ns,2152
bench atonce with size 1024,SHA384,,,,5772683.0,ns,2156
bench atonce with size 1024,SHA384,,,,5822757.0,ns,2160
bench atonce with size 1024,SHA384,,,,5829176.0,ns,2164
bench atonce with size 1024,SHA384,,,,5769277.0,ns,2168
bench atonce with size 1024,SHA384,,,,5774864.0,ns,2172
bench atonce with size 1024,SHA384,,,,5861794.0,ns,2176
bench atonce with size 1024,SHA384,,,,5837629.0,ns,2180
bench atonce with size 1024,SHA384,,,,5850031.0,ns,2184
bench atonce with size 1024,SHA384,,,,5898654.0,ns,2188
bench atonce with size 1024,SHA384,,,,5869332.0,ns,2192
bench atonce with size 1024,SHA384,,,,5918471.0,ns,2196
bench atonce with size 1024,SHA384,,,,5964248.0,ns,2200
bench atonce with size 1024,SHA384,,,,5901255.0,ns,2204
bench atonce with size 1024,SHA384,,,,6057996.0,ns,2208
bench atonce with size 1024,SHA384,,,,5925553.0,ns,2212
bench atonce with size 1024,SHA384,,,,5936840.0,ns,2216
bench atonce with size 1024,SHA384,,,,5946735.0,ns,2220
bench atonce with size 1024,SHA384,,,,6034631.0,ns,2224
bench atonce with size 1024,SHA384,,,,6001700.0,ns,2228
bench atonce with size 1024,SHA384,,,,5997430.0,ns,2232
bench atonce with size 1024,SHA384,,,,6116988.0,ns,2236
bench atonce with size 1024,SHA384,,,,6087599.0,ns,2240
bench atonce with size 1024,SHA384,,,,6005372.0,ns,2244
bench atonce with size 1024,SHA384,,,,6019100.0,ns,2248
bench atonce with size 1024,SHA384,,,,6138675.0,ns,2252
bench atonce with size 1024,SHA384,,,,6039744.0,ns,2256
bench atonce with size 1024,SHA384,,,,6050227.0,ns,2260
bench atonce with size 1024,SHA384,,,,6151737.0,ns,2264
bench atonce with size 1024,SHA384,,,,6197524.0,ns,2268
bench atonce with size 1024,SHA384,,,,6124137.0,ns,2272
bench atonce with size 1024,SHA384,,,,6128668.0,ns,2276
bench atonce with size 1024,SHA384,,,,6368044.0,ns,2280
bench atonce with size 1024,SHA384,,,,6149075.0,ns,2284
bench atonce with size 1024,SHA384,,,,6288469.0,ns,2288
bench atonce with size 1024,SHA384,,,,6134840.0,ns,2292
bench atonce with size 1024,SHA384,,,,6459710.0,ns,2296
bench atonce with size 1024,SHA384,,,,6209693.0,ns,2300
bench atonce with size 1024,SHA384,,,,6207012.0,ns,2304
bench atonce with size 1024,SHA384,,,,6185205.0,ns,2308
bench atonce with size 1024,SHA384,,,,6434390.0,ns,2312
bench atonce with size 1024,SHA384,,,,6208922.0,ns,2316
bench atonce with size 1024,SHA384,,,,6214052.0,ns,2320
bench atonce with size 1024,SHA384,,,,6771167.0,ns,2324
bench atonce with size 1024,SHA384,,,,6230487.0,ns,2328
bench atonce with size 1024,SHA384,,,,6248573.0,ns,2332
bench atonce with size 1024,SHA384,,,,6410295.0,ns,2336
bench atonce with size 1024,SHA384,,,,6576711.0,ns,2340
bench atonce with size 1024,SHA384,,,,6274860.0,ns,2344
bench atonce with size 1024,SHA384,,,,6248749.0,ns,2348
bench atonce with size 1024,SHA384,,,,6330527.0,ns,2352
bench atonce with size 1024,SHA384,,,,6267275.0,ns,2356
bench atonce with size 1024,SHA384,,,,6334430.0,ns,2360
bench atonce with size 1024,SHA384,,,,6384390.0,ns,2364
bench atonce with size 1024,SHA384,,,,6507968.0,ns,2368
bench atonce with size 1024,SHA384,,,,6349286.0,ns,2372
bench atonce with size 1024,SHA384,,,,6320736.0,ns,2376
bench atonce with size 1024,SHA384,,,,6841307.0,ns,2380
bench atonce with size 1024,SHA384,,,,6931821.0,ns,2384
bench atonce with size 1024,SHA384,,,,6513504.0,ns,2388
bench atonce with size 1024,SHA384,,,,6403911.0,ns,2392
bench atonce with size 1024,SHA384,,,,6451071.0,ns,2396
bench atonce with size 1024,SHA384,,,,6455401.0,ns,2400
bench atonce with size 1024,SHA384,,,,6434875.0,ns,2404
bench atonce with size 1024,SHA384,,,,6671033.0,ns,2408
bench atonce with size 1024,SHA384,,,,6526782.0,ns,2412
bench atonce with size 1024,SHA384,,,,6497964.0,ns,2416
bench atonce with size 1024,SHA384,,,,6476216.0,ns,2420
bench atonce with size 1024,SHA384,,,,6487965.0,ns,2424
bench atonce with size 1024,SHA384,,,,6567220.0,ns,2428
bench atonce with size 1024,SHA384,,,,6586477.0,ns,2432
bench atonce with size 1024,SHA384,,,,6777055.0,ns,2436
bench atonce with size 1024,SHA384,,,,6530088.0,ns,2440
bench atonce with size 1024,SHA384,,,,6775057.0,ns,2444
bench atonce with size 1024,SHA384,,,,6549054.0,ns,2448
bench atonce with size 1024,SHA384,,,,6563458.0,ns,2452
bench atonce with size 1024,SHA384,,,,6756709.0,ns,2456
bench atonce with size 1024,SHA384,,,,6582826.0,ns,2460
bench atonce with size 1024,SHA384,,,,6593104.0,ns,2464
bench atonce with size 1024,SHA384,,,,6602599.0,ns,2468
bench atonce with size 1024,SHA384,,,,6650646.0,ns,2472
bench atonce with size 1024,SHA384,,,,8221755.0,ns,2476
bench atonce with size 1024,SHA384,,,,7036589.0,ns,2480
bench atonce with size 1024,SHA384,,,,6751149.0,ns,2484
bench atonce with size 1024,SHA384,,,,6704043.0,ns,2488
bench atonce with size 1024,SHA384,,,,6706096.0,ns,2492
bench atonce with size 1024,SHA384,,,,6685045.0,ns,2496
bench atonce with size 1024,SHA384,,,,6767859.0,ns,2500
bench atonce with size 1024,SHA384,,,,6767729.0,ns,2504
bench atonce with size 1024,SHA384,,,,7011321.0,ns,2508
bench atonce with size 1024,SHA384,,,,7054018.0,ns,2512
bench atonce with size 1024,SHA384,,,,6732641.0,ns,2516
bench atonce with size 1024,SHA384,,,,6887952.0,ns,2520
bench atonce with size 1024,SHA384,,,,6824840.0,ns,2524
bench atonce with size 1024,SHA384,,,,6779704.0,ns,2528
bench atonce with size 1024,SHA384,,,,6775787.0,ns,2532
bench atonce with size 1024,SHA384,,,,6791001.0,ns,2536
bench atonce with size 1024,SHA384,,,,6831512.0,ns,2540
bench atonce with size 1024,SHA384,,,,6818653.0,ns,2544
bench atonce with size 1024,SHA384,,,,6853160.0,ns,2548
bench atonce with size 1024,SHA384,,,,6828616.0,ns,2552
bench atonce with size 1024,SHA384,,,,6936604.0,ns,2556
bench atonce with size 1024,SHA384,,,,7073448.0,ns,2560
bench atonce with size 1024,SHA384,,,,6822900.0,ns,2564
bench atonce with size 1024,SHA384,,,,6832203.0,ns,2568
bench atonce with size 1024,SHA384,,,,6969761.0,ns,2572
bench atonce with size 1024,SHA384,,,,6934485.0,ns,2576
bench atonce with size 1024,SHA384,,,,6971638.0,ns,2580
bench atonce with size 1024,SHA384,,,,6910515.0,ns,2584
bench atonce with size 1024,SHA384,,,,6923291.0,ns,2588
bench atonce with size 1024,SHA384,,,,7045055.0,ns,2592
bench atonce with size 1024,SHA384,,,,7154756.0,ns,2596
bench atonce with size 1024,SHA384,,,,7009488.0,ns,2600
bench atonce with size 1024,SHA384,,,,6939056.0,ns,2604
bench atonce with size 1024,SHA384,,,,7276575.0,ns,2608
bench atonce with size 1024,SHA384,,,,6986296.0,ns,2612
bench atonce with size 1024,SHA384,,,,7000405.0,ns,2616
bench atonce with size 1024,SHA384,,,,7588195.0,ns,2620
bench atonce with size 1024,SHA384,,,,6982812.0,ns,2624
bench atonce with size 1024,SHA384,,,,7119716.0,ns,2628
bench atonce with size 1024,SHA384,,,,7133837.0,ns,2632
bench atonce with size 1024,SHA384,,,,7199927.0,ns,2636
bench atonce with size 1024,SHA384,,,,7102349.0,ns,2640
bench atonce with size 1024,SHA384,,,,7340977.0,ns,2644
bench atonce with size 1024,SHA384,,,,7085448.0,ns,2648
bench atonce with size 1024,SHA384,,,,7097390.0,ns,2652
bench atonce with size 1024,SHA384,,,,7215310.0,ns,2656
bench atonce with size 1024,SHA384,,,,7373025.0,ns,2660
bench atonce with size 1024,SHA384,,,,7135138.0,ns,2664
bench atonce with size 1024,SHA384,,,,7355887.0,ns,2668
bench atonce with size 1024,SHA384,,,,7302349.0,ns,2672
bench atonce with size 1024,SHA384,,,,7180959.0,ns,2676
bench atonce with size 1024,SHA384,,,,7217901.0,ns,2680
bench atonce with size 1024,SHA384,,,,7330865.0,ns,2684
bench atonce with size 1024,SHA384,,,,7273209.0,ns,2688
bench atonce with size 1024,SHA384,,,,7330225.0,ns,2692
bench atonce with size 1024,SHA384,,,,7210293.0,ns,2696
bench atonce with size 1024,SHA384,,,,7265381.0,ns,2700
bench atonce with size 1024,SHA384,,,,7312796.0,ns,2704
bench atonce with size 1024,SHA384,,,,7860344.0,ns,2708
bench atonce with size 1024,SHA384,,,,7770892.0,ns,2712
bench atonce with size 1024,SHA384,,,,7413196.0,ns,2716
bench atonce with size 1024,SHA384,,,,7461306.0,ns,2720
bench atonce with size 1024,SHA384,,,,7471263.0,ns,2724
bench atonce with size 1024,SHA384,,,,7369372.0,ns,2728
bench atonce with size 1024,SHA384,,,,7347895.0,ns,2732
bench atonce with size 1024,SHA384,,,,7316604.0,ns,2736
bench atonce with size 1024,SHA384,,,,7443060.0,ns,2740
bench atonce with size 1024,SHA384,,,,7337628.0,ns,2744
bench atonce with size 1024,SHA384,,,,7440295.0,ns,2748
bench atonce with size 1024,SHA384,,,,7362542.0,ns,2752
bench atonce with size 1024,SHA384,,,,7426934.0,ns,2756
bench atonce with size 1024,SHA384,,,,7378620.0,ns,2760
bench atonce with size 1024,SHA384,,,,7471247.0,ns,2764
bench atonce with size 1024,SHA384,,,,7404851.0,ns,2768
bench atonce with size 1024,SHA384,,,,7415768.0,ns,2772
bench atonce with size 1024,SHA384,,,,7422179.0,ns,2776
bench atonce with size 1024,SHA384,,,,7543148.0,ns,2780
bench atonce with size 1024,SHA384,,,,7450547.0,ns,2784
bench atonce with size 1024,SHA384,,,,7558520.0,ns,2788
bench atonce with size 1024,SHA384,,,,7502313.0,ns,2792
bench atonce with size 1024,SHA384,,,,7576061.0,ns,2796
bench atonce with size 1024,SHA384,,,,7523419.0,ns,2800
bench atonce with size 1024,SHA384,,,,7503947.0,ns,2804
bench atonce with size 1024,SHA384,,,,7512087.0,ns,2808
bench atonce with size 1024,SHA384,,,,7521780.0,ns,2812
bench atonce with size 1024,SHA384,,,,7725189.0,ns,2816
bench atonce with size 1024,SHA384,,,,7594812.0,ns,2820
bench atonce with size 1024,SHA384,,,,7550357.0,ns,2824
bench atonce with size 1024,SHA384,,,,7632735.0,ns,2828
bench atonce with size 1024,SHA384,,,,7715823.0,ns,2832
bench atonce with size 1024,SHA384,,,,7689523.0,ns,2836
bench atonce with size 1024,SHA384,,,,7585863.0,ns,2840
bench atonce with size 1024,SHA384,,,,7681315.0,ns,2844
bench atonce with size 1024,SHA384,,,,7613945.0,ns,2848
bench atonce with size 1024,SHA384,,,,7626119.0,ns,2852
bench atonce with size 1024,SHA384,,,,7707447.0,ns,2856
bench atonce with size 1024,SHA384,,,,7733232.0,ns,2860
bench atonce with size 1024,SHA384,,,,7802299.0,ns,2864
bench atonce with size 1024,SHA384,,,,7995445.0,ns,2868
bench atonce with size 1024,SHA384,,,,7697980.0,ns,2872
bench atonce with size 1024,SHA384,,,,7684810.0,ns,2876
bench atonce with size 1024,SHA384,,,,8236168.0,ns,2880
bench atonce with size 1024,SHA384,,,,7830162.0,ns,2884
bench atonce with size 1024,SHA384,,,,8315547.0,ns,2888
bench atonce with size 1024,SHA384,,,,7898663.0,ns,2892
bench atonce with size 1024,SHA384,,,,7780186.0,ns,2896
bench atonce with size 1024,SHA384,,,,7902153.0,ns,2900
bench atonce with size 1024,SHA384,,,,7762499.0,ns,2904
bench atonce with size 1024,SHA384,,,,7773368.0,ns,2908
bench atonce with size 1024,SHA384,,,,7821638.0,ns,2912
bench atonce with size 1024,SHA384,,,,7848287.0,ns,2916
bench atonce with size 1024,SHA384,,,,7840795.0,ns,2920
bench atonce with size 1024,SHA384,,,,8095469.0,ns,2924
bench atonce with size 1024,SHA384,,,,7822538.0,ns,2928
bench atonce with size 1024,SHA384,,,,7914421.0,ns,2932
bench atonce with size 1024,SHA384,,,,7905448.0,ns,2936
bench atonce with size 1024,SHA384,,,,7854116.0,ns,2940
bench atonce with size 1024,SHA384,,,,7873889.0,ns,2944
bench atonce with size 1024,SHA384,,,,7916798.0,ns,2948
bench atonce with size 1024,SHA384,,,,7892475.0,ns,2952
bench atonce with size 1024,SHA384,,,,7904335.0,ns,2956
bench atonce with size 1024,SHA384,,,,8376759.0,ns,2960
bench atonce with size 1024,SHA384,,,,7919083.0,ns,2964
bench atonce with size 1024,SHA384,,,,7933463.0,ns,2968
bench atonce with size 1024,SHA384,,,,7946369.0,ns,2972
bench atonce with size 1024,SHA384,,,,8084045.0,ns,2976
bench atonce with size 1024,SHA384,,,,7968359.0,ns,2980
bench atonce with size 1024,SHA384,,,,7977976.0,ns,2984
bench atonce with size 1024,SHA384,,,,8158787.0,ns,2988
bench atonce with size 1024,SHA384,,,,8150842.0,ns,2992
bench atonce with size 1024,SHA384,,,,8008328.0,ns,2996
bench atonce with size 1024,SHA384,,,,8093065.0,ns,3000
bench atonce with size 1024,SHA384,,,,8030250.0,ns,3004
bench atonce with size 1024,SHA384,,,,8039974.0,ns,3008
bench atonce with size 1024,SHA384,,,,8092982.0,ns,3012
bench atonce with size 1024,SHA384,,,,8061310.0,ns,3016
bench atonce with size 1024,SHA384,,,,8035096.0,ns,3020
bench atonce with size 1024,SHA384,,,,8118477.0,ns,3024
bench atonce with size 1024,SHA384,,,,8050585.0,ns,3028
bench atonce with size 1024,SHA384,,,,8290259.0,ns,3032
bench atonce with size 1024,SHA384,,,,8111481.0,ns,3036
bench atonce with size 1024,SHA384,,,,8088565.0,ns,3040
bench atonce with size 1024,SHA384,,,,8381561.0,ns,3044
bench atonce with size 1024,SHA384,,,,8233335.0,ns,3048
bench atonce with size 1024,SHA384,,,,8155815.0,ns,3052
bench atonce with size 1024,SHA384,,,,8452666.0,ns,3056
bench atonce with size 1024,SHA384,,,,8234126.0,ns,3060
bench atonce with size 1024,SHA384,,,,8189597.0,ns,3064
bench atonce with size 1024,SHA384,,,,8309890.0,ns,3068
bench atonce with size 1024,SHA384,,,,8173508.0,ns,3072
bench atonce with size 1024,SHA384,,,,8262047.0,ns,3076
bench atonce with size 1024,SHA384,,,,8272850.0,ns,3080
bench atonce with size 1024,SHA384,,,,8945583.0,ns,3084
bench atonce with size 1024,SHA384,,,,8804433.0,ns,3088
bench atonce with size 1024,SHA384,,,,8283866.0,ns,3092
bench atonce with size 1024,SHA384,,,,8236214.0,ns,3096
bench atonce with size 1024,SHA384,,,,8248662.0,ns,3100
bench atonce with size 1024,SHA384,,,,8262755.0,ns,3104
bench atonce with size 1024,SHA384,,,,8366841.0,ns,3108
bench atonce with size 1024,SHA384,,,,8503834.0,ns,3112
bench atonce with size 1024,SHA384,,,,8412827.0,ns,3116
bench atonce with size 1024,SHA384,,,,8336595.0,ns,3120
bench atonce with size 1024,SHA384,,,,8706580.0,ns,3124
bench atonce with size 1024,SHA384,,,,8358115.0,ns,3128
bench atonce with size 1024,SHA384,,,,8775713.0,ns,3132
bench atonce with size 1024,SHA384,,,,8674787.0,ns,3136
bench atonce with size 1024,SHA384,,,,8463191.0,ns,3140
bench atonce with size 1024,SHA384,,,,8552511.0,ns,3144
bench atonce with size 1024,SHA384,,,,8440883.0,ns,3148
bench atonce with size 1024,SHA384,,,,8651035.0,ns,3152
bench atonce with size 1024,SHA384,,,,8474741.0,ns,3156
bench atonce with size 1024,SHA384,,,,8448790.0,ns,3160
bench atonce with size 1024,SHA384,,,,8491807.0,ns,3164
bench atonce with size 1024,SHA384,,,,8857071.0,ns,3168
bench atonce with size 1024,SHA384,,,,8577470.0,ns,3172
bench atonce with size 1024,SHA384,,,,8522480.0,ns,3176
bench atonce with size 1024,SHA384,,,,8572011.0,ns,3180
bench atonce with size 1024,SHA384,,,,8507164.0,ns,3184
bench atonce with size 1024,SHA384,,,,8626002.0,ns,3188
bench atonce with size 1024,SHA384,,,,8629164.0,ns,3192
bench atonce with size 1024,SHA384,,,,8581654.0,ns,3196
bench atonce with size 1024,SHA384,,,,8553168.0,ns,3200
bench atonce with size 1024,SHA384,,,,8733639.0,ns,3204
bench atonce with size 1024,SHA384,,,,8682926.0,ns,3208
bench atonce with size 1024,SHA384,,,,8620603.0,ns,3212
bench atonce with size 1024,SHA384,,,,8628333.0,ns,3216
bench atonce with size 1024,SHA384,,,,8788309.0,ns,3220
bench atonce with size 1024,SHA384,,,,8799361.0,ns,3224
bench atonce with size 1024,SHA384,,,,8700094.0,ns,3228
bench atonce with size 1024,SHA384,,,,9000142.0,ns,3232
bench atonce with size 1024,SHA384,,,,8735974.0,ns,3236
bench atonce with size 1024,SHA384,,,,8659135.0,ns,3240
bench atonce with size 1024,SHA384,,,,8779170.0,ns,3244
bench atonce with size 1024,SHA384,,,,8803419.0,ns,3248
bench atonce with size 1024,SHA384,,,,8770649.0,ns,3252
bench atonce with size 1024,SHA384,,,,8785285.0,ns,3256
bench atonce with size 1024,SHA384,,,,8720626.0,ns,3260
bench atonce with size 1024,SHA384,,,,8846857.0,ns,3264
bench atonce with size 1024,SHA384,,,,8741821.0,ns,3268
bench atonce with size 1024,SHA384,,,,8785492.0,ns,3272
bench atonce with size 1024,SHA384,,,,8903121.0,ns,3276
bench atonce with size 1024,SHA384,,,,8871349.0,ns,3280
bench atonce with size 1024,SHA384,,,,8923016.0,ns,3284
bench atonce with size 1024,SHA384,,,,8783826.0,ns,3288
bench atonce with size 1024,SHA384,,,,8833770.0,ns,3292
bench atonce with size 1024,SHA384,,,,9391756.0,ns,3296
bench atonce with size 1024,SHA384,,,,9018861.0,ns,3300
bench atonce with size 1024,SHA384,,,,8867718.0,ns,3304
bench atonce with size 1024,SHA384,,,,8938384.0,ns,3308
bench atonce with size 1024,SHA384,,,,8849444.0,ns,3312
bench atonce with size 1024,SHA384,,,,9766296.0,ns,3316
bench atonce with size 1024,SHA384,,,,8828152.0,ns,3320
bench atonce with size 1024,SHA384,,,,8997849.0,ns,3324
bench atonce with size 1024,SHA384,,,,9011701.0,ns,3328
bench atonce with size 1024,SHA384,,,,9106395.0,ns,3332
bench atonce with size 1024,SHA384,,,,9010716.0,ns,3336
bench atonce with size 1024,SHA384,,,,9011959.0,ns,3340
bench atonce with size 1024,SHA384,,,,9101915.0,ns,3344
bench atonce with size 1024,SHA384,,,,8902420.0,ns,3348
bench atonce with size 1024,SHA384,,,,8954929.0,ns,3352
bench atonce with size 1024,SHA384,,,,9177612.0,ns,3356
bench atonce with size 1024,SHA384,,,,10057419.0,ns,3360
bench atonce with size 1024,SHA384,,,,9250765.0,ns,3364
bench atonce with size 1024,SHA384,,,,9192183.0,ns,3368
bench atonce with size 1024,SHA384,,,,9096660.0,ns,3372
bench atonce with size 1024,SHA384,,,,9074633.0,ns,3376
bench atonce with size 1024,SHA384,,,,9067614.0,ns,3380
bench atonce with size 1024,SHA384,,,,9226186.0,ns,3384
bench atonce with size 1024,SHA384,,,,9013363.0,ns,3388
bench atonce with size 1024,SHA384,,,,9225944.0,ns,3392
bench atonce with size 1024,SHA384,,,,9123634.0,ns,3396
bench atonce with size 1024,SHA384,,,,9202306.0,ns,3400
bench atonce with size 1024,SHA384,,,,9131310.0,ns,3404
bench atonce with size 1024,SHA384,,,,9068133.0,ns,3408
bench atonce with size 1024,SHA384,,,,9553035.0,ns,3412
bench atonce with size 1024,SHA384,,,,9197783.0,ns,3416
bench atonce with size 1024,SHA384,,,,9243998.0,ns,3420
bench atonce with size 1024,SHA384,,,,9144305.0,ns,3424
bench atonce with size 1024,SHA384,,,,9265370.0,ns,3428
bench atonce with size 1024,SHA384,,,,9168901.0,ns,3432
bench atonce with size 1024,SHA384,,,,9304890.0,ns,3436
bench atonce with size 1024,SHA384,,,,9187719.0,ns,3440
bench atonce with size 1024,SHA384,,,,9962019.0,ns,3444
bench atonce with size 1024,SHA384,,,,9288986.0,ns,3448
bench atonce with size 1024,SHA384,,,,9366129.0,ns,3452
bench atonce with size 1024,SHA384,,,,9233646.0,ns,3456
bench atonce with size 1024,SHA384,,,,9424880.0,ns,3460
bench atonce with size 1024,SHA384,,,,9289522.0,ns,3464
bench atonce with size 1024,SHA384,,,,9407917.0,ns,3468
bench atonce with size 1024,SHA384,,,,9294353.0,ns,3472
bench atonce with size 1024,SHA384,,,,9609392.0,ns,3476
bench atonce with size 1024,SHA384,,,,9376291.0,ns,3480
bench atonce with size 1024,SHA384,,,,9380009.0,ns,3484
bench atonce with size 1024,SHA384,,,,9469921.0,ns,3488
bench atonce with size 1024,SHA384,,,,9330017.0,ns,3492
bench atonce with size 1024,SHA384,,,,9525410.0,ns,3496
bench atonce with size 1024,SHA384,,,,9534463.0,ns,3500
bench atonce with size 1024,SHA384,,,,9998220.0,ns,3504
bench atonce with size 1024,SHA384,,,,9372374.0,ns,3508
bench atonce with size 1024,SHA384,,,,9421001.0,ns,3512
bench atonce with size 1024,SHA384,,,,9570211.0,ns,3516
bench atonce with size 1024,SHA384,,,,9437702.0,ns,3520
bench atonce with size 1024,SHA384,,,,9452399.0,ns,3524
bench atonce with size 1024,SHA384,,,,9472964.0,ns,3528
bench atonce with size 1024,SHA384,,,,9878523.0,ns,3532
bench atonce with size 1024,SHA384,,,,9442536.0,ns,3536
bench atonce with size 1024,SHA384,,,,9584210.0,ns,3540
bench atonce with size 1024,SHA384,,,,9465938.0,ns,3544
bench atonce with size 1024,SHA384,,,,9571823.0,ns,3548
bench atonce with size 1024,SHA384,,,,9558449.0,ns,3552
bench atonce with size 1024,SHA384,,,,9503176.0,ns,3556
bench atonce with size 1024,SHA384,,,,9665341.0,ns,3560
bench atonce with size 1024,SHA384,,,,9558887.0,ns,3564
bench atonce with size 1024,SHA384,,,,9576763.0,ns,3568
bench atonce with size 1024,SHA384,,,,9834595.0,ns,3572
bench atonce with size 1024,SHA384,,,,9957787.0,ns,3576
bench atonce with size 1024,SHA384,,,,10632956.0,ns,3580
bench atonce with size 1024,SHA384,,,,10269128.0,ns,3584
bench atonce with size 1024,SHA384,,,,9977740.0,ns,3588
bench atonce with size 1024,SHA384,,,,9686029.0,ns,3592
bench atonce with size 1024,SHA384,,,,10044502.0,ns,3596
bench atonce with size 1024,SHA384,,,,9864902.0,ns,3600
bench atonce with size 1024,SHA384,,,,9848484.0,ns,3604
bench atonce with size 1024,SHA384,,,,9654907.0,ns,3608
bench atonce with size 1024,SHA384,,,,9722336.0,ns,3612
bench atonce with size 1024,SHA384,,,,9660426.0,ns,3616
bench atonce with size 1024,SHA384,,,,9813129.0,ns,3620
bench atonce with size 1024,SHA384,,,,9865790.0,ns,3624
bench atonce with size 1024,SHA384,,,,9692716.0,ns,3628
bench atonce with size 1024,SHA384,,,,9807548.0,ns,3632
bench atonce with size 1024,SHA384,,,,9734332.0,ns,3636
bench atonce with size 1024,SHA384,,,,9758413.0,ns,3640
bench atonce with size 1024,SHA384,,,,9732026.0,ns,3644
bench atonce with size 1024,SHA384,,,,9844139.0,ns,3648
bench atonce with size 1024,SHA384,,,,9900803.0,ns,3652
bench atonce with size 1024,SHA384,,,,9774926.0,ns,3656
bench atonce with size 1024,SHA384,,,,10142370.0,ns,3660
bench atonce with size 1024,SHA384,,,,9741791.0,ns,3664
bench atonce with size 1024,SHA384,,,,9759969.0,ns,3668
bench atonce with size 1024,SHA384,,,,9879285.0,ns,3672
bench atonce with size 1024,SHA384,,,,9870328.0,ns,3676
bench atonce with size 1024,SHA384,,,,10482402.0,ns,3680
bench atonce with size 1024,SHA384,,,,10531858.0,ns,3684
bench atonce with size 1024,SHA384,,,,9992917.0,ns,3688
bench atonce with size 1024,SHA384,,,,9938579.0,ns,3692
bench atonce with size 1024,SHA384,,,,9912838.0,ns,3696
bench atonce with size 1024,SHA384,,,,9922659.0,ns,3700
bench atonce with size 1024,SHA384,,,,10087178.0,ns,3704
bench atonce with size 1024,SHA384,,,,10002907.0,ns,3708
bench atonce with size 1024,SHA384,,,,9989673.0,ns,3712
bench atonce with size 1024,SHA384,,,,10051757.0,ns,3716
bench atonce with size 1024,SHA384,,,,9979395.0,ns,3720
bench atonce with size 1024,SHA384,,,,9992691.0,ns,3724
bench atonce with size 1024,SHA384,,,,9985577.0,ns,3728
bench atonce with size 1024,SHA384,,,,9984473.0,ns,3732
bench atonce with size 1024,SHA384,,,,10084157.0,ns,3736
bench atonce with size 1024,SHA384,,,,10180003.0,ns,3740
bench atonce with size 1024,SHA384,,,,9999871.0,ns,3744
bench atonce with size 1024,SHA384,,,,10078108.0,ns,3748
bench atonce with size 1024,SHA384,,,,10017995.0,ns,3752
bench atonce with size 1024,SHA384,,,,10067615.0,ns,3756
bench atonce with size 1024,SHA384,,,,10387082.0,ns,3760
bench atonce with size 1024,SHA384,,,,10084982.0,ns,3764
bench atonce with size 1024,SHA384,,,,10143363.0,ns,3768
bench atonce with size 1024,SHA384,,,,10039964.0,ns,3772
bench atonce with size 1024,SHA384,,,,10638544.0,ns,3776
bench atonce with size 1024,SHA384,,,,10161279.0,ns,3780
bench atonce with size 1024,SHA384,,,,10088935.0,ns,3784
bench atonce with size 1024,SHA384,,,,10280521.0,ns,3788
bench atonce with size 1024,SHA384,,,,10161427.0,ns,3792
bench atonce with size 1024,SHA384,,,,10462818.0,ns,3796
bench atonce with size 1024,SHA384,,,,10775696.0,ns,3800
bench atonce with size 1024,SHA384,,,,10358710.0,ns,3804
bench atonce with size 1024,SHA384,,,,10221878.0,ns,3808
bench atonce with size 1024,SHA384,,,,10225868.0,ns,3812
bench atonce with size 1024,SHA384,,,,10186715.0,ns,3816
bench atonce with size 1024,SHA384,,,,10323822.0,ns,3820
bench atonce with size 1024,SHA384,,,,10283972.0,ns,3824
bench atonce with size 1024,SHA384,,,,10258034.0,ns,3828
bench atonce with size 1024,SHA384,,,,10856943.0,ns,3832
bench atonce with size 1024,SHA384,,,,10639905.0,ns,3836
bench atonce with size 1024,SHA384,,,,10516458.0,ns,3840
bench atonce with size 1024,SHA384,,,,10493959.0,ns,3844
bench atonce with size 1024,SHA384,,,,10389192.0,ns,3848
bench atonce with size 1024,SHA384,,,,10364669.0,ns,3852
bench atonce with size 1024,SHA384,,,,10529085.0,ns,3856
bench atonce with size 1024,SHA384,,,,10339387.0,ns,3860
bench atonce with size 1024,SHA384,,,,10316830.0,ns,3864
bench atonce with size 1024,SHA384,,,,10408148.0,ns,3868
bench atonce with size 1024,SHA384,,,,10484276.0,ns,3872
bench atonce with size 1024,SHA384,,,,10520796.0,ns,3876
bench atonce with size 1024,SHA384,,,,10398120.0,ns,3880
bench atonce with size 1024,SHA384,,,,10412449.0,ns,3884
bench atonce with size 1024,SHA384,,,,10384096.0,ns,3888
bench atonce with size 1024,SHA384,,,,10499742.0,ns,3892
bench atonce with size 1024,SHA384,,,,10680902.0,ns,3896
bench atonce with size 1024,SHA384,,,,10796790.0,ns,3900
bench atonce with size 1024,SHA384,,,,12089920.0,ns,3904
bench atonce with size 1024,SHA384,,,,10709092.0,ns,3908
bench atonce with size 1024,SHA384,,,,10776393.0,ns,3912
bench atonce with size 1024,SHA384,,,,11053299.0,ns,3916
bench atonce with size 1024,SHA384,,,,11371107.0,ns,3920
bench atonce with size 1024,SHA384,,,,10526494.0,ns,3924
bench atonce with size 1024,SHA384,,,,10493778.0,ns,3928
bench atonce with size 1024,SHA384,,,,10972856.0,ns,3932
bench atonce with size 1024,SHA384,,,,10603754.0,ns,3936
bench atonce with size 1024,SHA384,,,,10701134.0,ns,3940
bench atonce with size 1024,SHA384,,,,10629156.0,ns,3944
bench atonce with size 1024,SHA384,,,,11019189.0,ns,3948
bench atonce with size 1024,SHA384,,,,10624125.0,ns,3952
bench atonce with size 1024,SHA384,,,,10858327.0,ns,3956
bench atonce with size 1024,SHA384,,,,10535143.0,ns,3960
bench atonce with size 1024,SHA384,,,,11277526.0,ns,3964
bench atonce with size 1024,SHA384,,,,10685306.0,ns,3968
bench atonce with size 1024,SHA384,,,,10722634.0,ns,3972
bench atonce with size 1024,SHA384,,,,10652516.0,ns,3976
bench atonce with size 1024,SHA384,,,,10661771.0,ns,3980
bench atonce with size 1024,SHA384,,,,10712053.0,ns,3984
bench atonce with size 1024,SHA384,,,,10974232.0,ns,3988
bench atonce with size 1024,SHA384,,,,10874675.0,ns,3992
bench atonce with size 1024,SHA384,,,,10850084.0,ns,3996
bench atonce with size 1024,SHA384,,,,10724093.0,ns,4000
